无	重磅！国开行原董事长胡怀邦被开除党籍！与不法商人沆瀣一气，大肆收取财物，事涉五宗罪！金融反腐在继续加码
无	大搞权钱交易！国开行原董事长胡怀邦被开除党籍
无	国开行原董事长被开除党籍！与不法商人沆瀣一气，大肆收取财物，事涉五宗罪！
无	涉王三运案的中管干部胡怀邦被开除党籍，两人违纪有一共同点
无	国开行原董事长胡怀邦被开除党籍 曾涉王三运、叶简明案
无	国开证券股份有限公司关于上海华信国际集团有限公司2015年公司债券临时受托管理事务报告（上海华信进入破产清算程序后债权申报及相关事宜）
无	上海华信国际集团有限公司2017年度第四期超短期融资券第四次持有人会议决议的公告
无	关于召开上海华信国际集团有限公司2017年度第二期超短期融资券第三次持有人会议的补充公告
无	关于召开17沪华信SCP003和17沪华信SCP005第五次持有人会议的公告
信用风险	主承销商关于上海华信国际集团有限公司17沪华信SCP003及17沪华信SCP005违约后续进展情况的公告(2019年12月)
信用风险	国家开发银行关于上海华信国际集团有限公司2015年度第一期中期票据违约后续进展情况的公告(2019年12月)
无	盘点那些爆雷的债权人会议
信用风险	中国建设银行股份有限公司关于上海华信国际集团有限公司2017年度第二期超短期融资券违约后续进展公告
无	关于召开上海华信国际集团有限公司2017年度第二期超短期融资券第三次持有人会议的公告
无	关于上海华信国际集团有限公司“17沪华信MTN001”及“17沪华信MTN002”2019年度第四次持有人会议决议的公告
信用风险	主承销商关于上海华信国际集团有限公司“17沪华信MTN001”及“17沪华信MTN002”违约后续进展公告(2019年12月)
无	中信建投证券股份有限公司关于召开“16申信01”2020年第一次债券持有人会议的通知
无	中信建投证券股份有限公司关于召开“17华信Y1”2020年第一次债券持有人会议的通知
无	中信建投证券股份有限公司关于召开“17华信Y2”2020年第一次债券持有人会议的通知
信用风险	主承销商关于上海华信国际集团有限公司2017年度第四期超短期融资券违约后续进展的公告(2019年12月)
无	贵州银行年底港股上市 与第3大股东关联交易暗藏风险
无	关于召开上海华信国际集团有限公司2017年度第四期超短期融资券第四次持有人会议的公告
无	国开证券股份有限公司关于上海华信国际集团有限公司2015年公司债券临时受托管理事务报告
无	2019信用债违约破1300亿，近九成为民企！
法律风险	上海华信国际集团有限公司关于近期诉讼事项的公告
无	华信证券接盘方现身，宁波国资委旗下甬兴证券接手旗下资产？
无	独家重磅！华信证券接盘方现身，甬兴证券接手旗下资产！时隔12年，再现摘牌券商出让，接盘方有何来头？
无	国开证券股份有限公司关于上海华信国际集团有限公司2015年公司债券临时受托管理事务报告
无	"送达裁判文书——上海华信国际集团有限公司
无	关于召开上海华信国际集团有限公司“17沪华信MTN001”及“17沪华信MTN002”2019年度第四次持有人会议的公告
经营风险	上海华信国际集团有限公司关于法院裁定受理公司破产清算等事项的公告
无	关于上海华信国际集团有限公司公司债券的临时受托管理事务报告
法律风险	上海华信国际集团有限公司关于近期诉讼事项的公告
经营风险,信用风险	上海华信破产清算 债券违约累计超265亿
经营风险,信用风险	法院已裁定受理上海华信破产清算案 公司债券违约额超265亿
经营风险	上海法院裁定受理上海华信国际集团破产清算案
无	（2019）沪03破305号受理破产清算申请、债权申报、一债会的公告
信用风险	中国建设银行股份有限公司关于上海华信国际集团有限公司2017年度第二期超短期融资券违约后续进展公告
信用风险	主承销商关于上海华信国际集团有限公司2017年度第四期超短期融资券违约后续进展的公告(2019年11月)
信用风险	主承销商关于上海华信国际集团有限公司2017年度第五期超短期融资券违约后续进展情况的公告(2019年11月)
信用风险	主承销商关于上海华信国际集团有限公司2017年度第三期超短期融资券违约后续进展情况的公告(2019年11月)
信用风险	主承销商关于上海华信国际集团有限公司2017年度第一期中期票据及2017年度第二期中期票据违约后续进展公告(2019年11月)
信用风险	国家开发银行关于上海华信国际集团有限公司2015年度第一期中期票据违约后续进展情况的公告(2019年11月)
无	华信证券存量资管产品进入清算  与“大生系”多起官司“相爱相杀”
无	券商违规频发：浙商证券员工违法买卖股票2200万元；华信、德邦证券收监管罚单
无	国开证券股份有限公司关于上海华信国际集团有限公司2015年公司债券临时受托管理事务报告
经营风险	华信金融落幕
市场风险	退市、业务撤销、股东变更！华信金融系解体
无	年内153只债券违约规模超千亿：风控趋严 主承券商收缩业务“过冬”
无	从上榜胡润富豪到“被执行人”需要多久？
无	关于上海华信国际集团有限公司公司债券的临时受托管理事务报告
无	姜兆华：同是托管，华信证券有什么不同
无	华信证券3宗违法遭撤销业务许可 多方式为股东方融资
子公司风险	突发！证监会取消华信证券全部业务资格！立刻对其行政清理！
无	2800亿大崩溃：百亿券商被撤全部业务，背后有个中国最神秘的金融帝国
子公司风险	姜兆华：华信证券破产或成定局
无	【财富周报】瑞银被罚4亿港元，教育养老保险争夺理财市场
无	华信证券违规投信托遭暂停资管业务 母公司违法调6亿
子公司风险	存三大违法事实 华信证券被撤销全部业务许可
无	华信证券被撤销全部业务许可 券商行业须警钟长鸣
无	大佬清算季
子公司风险	证监会依法对华信证券实施风险处置 撤销华信证券全部业务许可
无	2800亿“华信系”崩塌！叶简明被查20个月后，华信证券遭“极刑”
无	证监会依法对华信证券实施风险处置
子公司风险	风险处置启动！华信证券全部业务许可遭撤销
无	今日视点：监管层三个月五度发声法治供给 夯实资本市场深改制度基石
子公司风险	证监会撤销华信证券全部业务许可 当前证券业整体运行规范有较强抗风险能力
子公司风险	证监会撤销华信证券全部业务许可，大股东破产申请已被受理
子公司风险	罕见重磅！华信证券被撤销全部业务许可！咋回事？
子公司风险	突发！证监会：撤销华信证券全部业务许可！七大关键点……
无	全业务遭撤销！这家券商糊弄监管1年半，证监会铁腕制裁
子公司风险	洞察|突发消息！华信证券违法违规被撤销全部业务许可 去年巨额亏损逾90亿元分类评级连降5级
无	重磅突发：华信证券被撤销全部业务许可！昔日贵族陨落，七大关键点
无	（2019）沪03破申439号
无	华信证券被撤销全部业务许可 多次违法为股东融资
无	国开证券股份有限公司关于上海华信国际集团有限公司2015年公司债券临时受托管理事务报告
无	"重磅突发! 百亿券商出大事
无	（2019）沪03破305号关于上海华信国际集团有限公司破产清算案竞争方式指定管理人的公告
无	证监会决定于11月15日撤销华信证券的全部业务许可
无	证监会依法对上海华信证券有限责任公司实施风险处置
无	存“三宗罪”！证监会撤销华信证券全部业务许可：多项业务违法违规
无	证监会对华信证券实施风险处置：撤销全部业务许可
无	（2019）沪03破305号受理债权人申请的破产裁定书
无	（2019）沪03破305号关于上海华信国际集团有限公司破产清算案竞争方式指定管理人的公告
无	首家！华信证券被撤销全部业务许可！国泰君安托管相关业务，影响多大？看九大解读
无	证监会有关部门负责人就华信证券风险处置相关事宜答记者问
无	重磅突发！证监会取消华信证券全部业务资格！立刻对其行政清理！！
无	华信证券，一曲凉凉！
无	重磅！证监会：11月15日撤销华信证券全部业务许可并进行行政清理
无	关于对上海华信国际集团有限公司采取限制股东权利措施的决定
无	重罚！撤销华信证券全部业务许可 证券经纪等业务由国泰君安托管
无	（2019）沪03破305号
无	券业重磅突发！华信证券被撤销全部业务许可，国泰君安托管相关业务！客户交易不受影响…看七大关键点
无	华信证券全部业务许可被撤销：存在三项违法事实，相关上市公司已退市
无	刚刚！证监会宣布：撤销华信证券全部业务许可，由国泰君安托管！影响有多大？看10问10答
无	华信证券迎监管终局！撤销全部业务许可，进行行政清理，国泰君安托管部分业务
无	百亿券商出大事！华信证券被撤销全部业务许可，由国泰君安托管！影响多大？看10问10答
无	突发！华信证券被撤销全部业务许可，由国泰君安托管，客户权益不受影响，不涉及其他同业机构
无	全部业务许可被撤销！这家券商犯啥大事了？
无	证监会对一券商实施风险处置 撤销其全部业务许可
无	(2019-11-15)关于对上海华信国际集团有限公司采取限制股东权利措施的决定
无	关于上海华信国际集团有限公司公司债券的临时受托管理事务报告
无	上海华信国际集团有限公司关于近期诉讼事项的公告
无	告广州农村商业银行股份有限公司与被告上海华信国际集团有限公司金融借款合同纠纷一案
无	频收罚单、侵权、涉嫌行贿，中泰证券“带病”闯关IPO
无	关于上海华信国际集团有限公司“17沪华信MTN001”及“17沪华信MTN002”2019年度第三次持有人会议决议的公告
无	盘点|除了罗永浩，2019年被限制消费的大佬们还有谁？
无	主承销商关于上海华信国际集团有限公司2017年度第一期中期票据及2017年度第二期中期票据违约后续进展公告(2019年10月)
无	A+B股第一家！27年老牌上市公司将面值退市，还有债务、资金链危机
无	国家开发银行关于上海华信国际集团有限公司2015年度第一期中期票据违约后续进展情况的公告(2019年10月)
无	最后一天华信退涨了，涨幅8.33%！华信退明日摘牌
无	国开证券股份有限公司关于上海华信国际集团有限公司2015年公司债券临时受托管理事务报告
无	华信退股票终止上市 华信退资料及领导层简介
无	主承销商关于上海华信国际集团有限公司2017年度第三期超短期融资券违约后续进展情况的公告(2019年10月)
无	主承销商关于上海华信国际集团有限公司2017年度第五期超短期融资券违约后续进展情况的公告(2019年10月)
无	6万股民被套！面值退市A+B股第一家！更有欠薪、财务造假…
无	中国建设银行股份有限公司关于上海华信国际集团有限公司2017年度第二期超短期融资券违约后续进展公告
无	中泰证券一口气披露18件重大诉讼事项 标的额超28亿元
无	关于上海华信国际集团有限公司公司债券的临时受托管理事务报告
无	主承销商关于上海华信国际集团有限公司2017年度第四期超短期融资券违约后续进展的公告(2019年10月)
无	(2019-10-28)关于上海华信国际集团有限公司公司债券的临时受托管理事务报告
无	这家券商一口气披露18件重大诉讼事项，标的额超28亿元，还“踩雷”华信债！
无	信托业热点汇总！
无	国开证券股份有限公司关于上海华信国际集团有限公司2015年公司债券临时受托管理事务报告
信用风险	上海华信国际集团有限公司关于预计无法按期披露2019年第三季度报告的风险提示公告
无	关于召开上海华信国际集团有限公司“17沪华信MTN001”及“17沪华信MTN002”2019年度第三次持有人会议的公告
无	关于上海华信国际集团有限公司公司债券的临时受托管理事务报告
无	中粮资本借壳中原特钢：旗下信托曲线上市牵出超23亿未决诉讼
无	罕见！工会搞对外投资，马鞍山农商行请农民任董事
无	深交所：对安徽华信国际控股股份有限公司及相关当事人给予公开谴责处分
无	关于对安徽华信国际控股股份有限公司及相关当事人给予公开谴责处分的公告
无	关于上海华信国际集团有限公司公司债券的临时受托管理事务报告
无	中原特钢更名为中粮资本，又一家曲线上市的信托公司来了
无	主承销商关于上海华信国际集团有限公司2017年度第五期超短期融资券违约后续进展情况的公告(2019年9月)
无	主承销商关于上海华信国际集团有限公司2017年度第三期超短期融资券违约后续进展情况的公告(2019年9月)
无	主承销商关于上海华信国际集团有限公司2017年度第一期中期票据及2017年度第二期中期票据违约后续进展的公告
无	国家开发银行关于上海华信国际集团有限公司2015年度第一期中期票据违约后续进展情况的公告(2019年9月)
无	上海华信国际集团有限公司关于近期诉讼事项的公告
无	主承销商关于上海华信国际集团有限公司2017年度第四期超短期融资券违约后续进展的公告(2019年9月)
无	中国建设银行股份有限公司关于上海华信国际集团有限公司2017年度第二期超短期融资券违约后续进展公告(2019年9月)
无	上海华信国际集团有限公司2017年度第二期中期票据到期付息存在不确定性的特别风险提示公告
无	主承销商关于上海华信国际集团有限公司2017年度第二期中期票据未按期足额付息的公告
无	红土日报—2019年09月26日
无	上海华信国际集团有限公司2017年度第二期中期票据未按期支付利息的公告
无	上海华信国际集团有限公司未能筹集到期付息资金，“17沪华信MTN002”不能按期支付利息，已构成实质性违约
无	"关于未收到""17沪华信MTN002""付息资金的通知(清算所发〔2019〕161号)"
无	银行大股东股权被拍卖，给他们的贷款怎么办？
无	中原银行股价破发天数占比高达77.09% 信用卡不良率半年暴涨近3倍
无	【中金固收·信用】中国信用策略双周报：隐性债务置换提速对城投债影响如何？ 20190920
无	关于上海华信国际集团有限公司公司债券的临时受托管理事务报告
信用风险	负债率高达256.03%！华信国际退市倒计时再爆新料！控股股东登上“老赖”名单
无	承销资管频中招 多家券商踩雷债券违约
无	上海华信20亿债务违约 天弘基金讨5250万本息获支持
无	上海华信被列入失信被执行人 天弘基金对其追讨5千万
信用风险	*ST华信：公司及控股股东被列入失信被执行人名单
无	*ST华信及控股股东被列入失信被执行人名单
无	*ST华信(002018.SZ)及控股股东被列入失信被执行人名单
信用风险	华信国际及控股股东成“老赖”，实控人苏卫忠被限制消费
无	*ST华信：关于公司及控股股东被列入失信被执行人名单等相关公告
无	*ST华信：公司及公司控股股东上海华信国际集团有限公司被列入失信被执行人名单
无	议市厅丨第三只“面值退市”股尘埃落定，*ST华信被终止上市！近8万股东踩雷或血本无归
无	主承销商关于上海华信国际集团有限公司2017年度第一期中期票据及2017年度第二期中期票据违约后续进展公告(2019年8月)
无	上海华信国际集团有限公司关于近期诉讼事项的公告
无	关于上海华信国际集团有限公司公司债券的临时受托管理事务报告
无	主承销商关于上海华信国际集团有限公司2017年度第四期超短期融资券违约后续进展的公告(2019年8月)
无	主承销商关于上海华信国际集团有限公司2017年度第三期超短期融资券违约后续进展情况的公告(2019年8月)
无	中国建设银行股份有限公司关于上海华信国际集团有限公司2017年度第二期超短期融资券违约后续进展公告(2019年8月)
经营风险	华信国际上半年亏损近5000万，业务总量大幅萎缩
无	主承销商关于上海华信国际集团有限公司2017年度第五期超短期融资券违约后续进展情况的公告(2019年8月)
无	藏在长江证券扣分项里的秘密 举报事件发酵未有结果
无	国家开发银行关于上海华信国际集团有限公司2015年度第一期中期票据违约后续进展情况的公告(2019年8月)
无	凤凰金融再现逾期：涉华信、三胞集团风波，基金代销主体存疑
无	ST华信临退市 凤凰金融兑付再生波折
无	国开证券股份有限公司关于上海华信国际集团有限公司2015年公司债券临时受托管理事务报告
无	关于上海华信国际集团有限公司公司债券的临时受托管理事务报告（以此为准）
无	*ST华信：控股股东所持股份新增轮候冻结
无	昆仑健康80后董事长履新，长安责任增资收关，那些曾经的违规股权清退都如何了
无	"长江证券总裁掌舵20个月4重煎熬 刘益谦难守""平常心"""
无	“面值退市”第三股*ST华信明起停牌，此前仍有多路资金进场“刀口舔血”，神秘方是否推进重组成焦点
无	又一公司或被面值退市！*ST华信明日停牌 大股东十亿股被冻结
无	或成面值退市第三股 *ST华信19日起停牌
无	*ST华信危机：重组事无进展 难逃“面值退市”
无	*ST华信在A股时辰不多了
无	举报人接受独家采访：万字长文详述事件过程，不惧上法庭！长江证券：举报系个人恶意捏造！
无	关于上海华信国际集团有限公司公司债券的临时受托管理事务报告
无	举报人接受独家采访：万字长文详述事件过程，不惧上法庭！长江证券：举报系个人恶意捏造！
无	*ST华信距离“面值退市”仅剩两天
无	“白马骑士”焦作中州炭素救场难挽颓势 *ST华信退市或成定局
无	国开证券股份有限公司关于上海华信国际集团有限公司2015年公司债券临时受托管理事务报告
无	*ST华信：控股股东所持股份新增轮候冻结
无	*ST华信重组无进展 将成第三只面值退市股
无	*ST华信重组翻身难指望，将成第三只“面值退市”股！小心其他1元股…
无	重组自救无望  *ST华信退市几成定局
无	退市倒计时：自救遭市场无视股价跌至0.7元 或致8万股民血本无归
无	*ST华信跻身面值退市股 连续20个交易日破面值已无悬念
无	只剩3天！世界500强竟要被退市？8万股民彻底懵了
无	*ST华信危机：债务缠身 退市无安排 重组无进展
无	*ST华信将成面值退市第三股 神秘重组方会否继续推进合作？
无	越秀金控累计诉讼金额远超净利润  出售资产之路还能走多久
无	*ST华信股东上海华信股份被轮候冻结
无	8万股东彻底死心 ST华信连续20个交易日破面值无悬念
无	回天乏术，8万股东彻底死心了，又一只“退市股”诞生，母公司曾连续4年世界500强
无	又一上市皖企面临退市 负责人称“暂无应对措施”
无	又一上市皖企面臨退市 負責人稱“暫無應對措施”
无	刚请来白衣骑士三天，*ST华信今日跌停！面值退市第三股正在走来
无	*ST华信“保壳”倒计时：面值退市第三股已定？会否继续推进？神秘方这样回复
无	*ST华信最后大招仍“回天无力” 难逃退市命运？
无	“白衣骑士”无力驰援，又一家公司难逃面值退市命运
无	*ST华信：控股股东所持公司股份新增轮候冻结
无	刚请来白衣骑士三天，·ST华信今日跌停！面值退市第三股正在走来
无	8万股民“瑟瑟发抖”！又一A股上市公司退市，两年前曾是世界500强
无	8.1万投资者迎一线生机！“白马骑士”驰援*ST华信，股价已收获一个涨停，深交所火速下发关注函
无	下跌过猛，A股第三家触发1元退市制度的企业提前诞生
无	*ST华信跌停，“面值退市”几成定局
无	*ST华信：“救命！除非5个连续涨停，不然俺就要退市了……”
无	上海华信债券纠纷案开庭 菏泽农商行追索1亿本金
无	东莞证券净利下滑7成创5年新低  接连收到罚单上市之路曲折
无	这些年，国开行踩过的雷
无	国开证券股份有限公司关于上海华信国际集团有限公司2015年公司债券临时受托管理事务报告
无	"退市警报！A股""1元股""超60只，40万股民小心！"
无	又是散户买单？第二次提示，这只股票退市风险加大
无	又一仙股或面临退市！天雷滚滚的*ST华信（002018.SZ）路在何方？
无	一周人事：多省份领导班子调整 金融领域再打落一“虎”
无	主承销商关于上海华信国际集团有限公司2017年度第一期中期票据及2017年度第二期中期票据违约后续进展公告(2019年7月)
无	涉严重违纪违法 前国开行董座胡怀邦落马
无	国开行董事长胡怀邦落马 曾卷入王三运案
无	刚刚，“能源铁三角”再次塌陷，这位正部级董事长退休一年后被查
无	胡怀邦因何被查？被指涉王三运、叶简明贿案
无	长江证券评级近10年最差连降三级 内控不健全、合规走过场屡遭监管处罚
无	中国建设银行股份有限公司关于上海华信国际集团有限公司2017年度第二期超短期融资券违约后续进展公告(2019年7月)
无	国开行原董事长被查！背后不只涉及王三运……
无	主承销商关于上海华信国际集团有限公司2017年度第五期超短期融资券违约后续进展情况的公告(2019年7月)
无	主承销商关于上海华信国际集团有限公司2017年度第三期超短期融资券违约后续进展情况的公告(2019年7月)
无	国开行高层震荡！董事长胡怀邦被查，神秘富商涉案，多名高官卷入！
无	卸任不到1年 卷入王三运案的董事长被查
无	多高管落马后国开行原董事长再被查！曾被指涉王三运叶简明案
无	国开行原董事长胡怀邦接受调查 曾涉王三运案
无	今年以来第三名金融领域中管干部落马：曾被指涉王三运受贿案
无	头部券商优势凸显 行业集中度料提升
无	华信证券连获最低评级背后：受累股东危机 去年净亏94亿
无	国家开发银行关于上海华信国际集团有限公司2015年度第一期中期票据违约后续进展情况的公告(2019年7月)
无	33万股民瑟瑟发抖！这3家上市公司逼近退市边缘
无	"33万股民""瑟瑟发抖""！这3家上市公司逼近退市边缘"
无	主承销商关于上海华信国际集团有限公司2017年度第四期超短期融资券违约后续进展的公告(2019年7月)
无	"46万股民丨""心惊胆战丨""！4只A股退市边缘：最狠连续15天低于1元，交易所紧急出手"
无	"46万股民""心惊胆战""！4只A股退市边缘 最狠连续15天低于1元"
无	上海华信国际集团有限公司关于近期诉讼事项的公告
无	关于上海华信国际集团有限公司公司债券的临时受托管理事务报告
无	联合资信评估有限公司关于终止上海华信国际集团有限公司主体及“15沪华信MTN001”“17沪华信MTN002”债项信用评级的公告
无	*ST华信：控股股东上海华信所持公司股份被司法轮候冻结
无	*ST华信跌破面值，“仙股”又多一例——56只低价股拉响风险警报
无	*ST华信股价已连续两个交易日不足1元 众多问题仍未解决
无	A股再添“仙股”：股价最低至0.93元 8万股民或拾得一地鸡毛
无	中诚信国际关于终止上海华信国际集团有限公司主体及“17沪华信MTN001”债项信用评级的公告
高管风险	资本大鳄叶简明“华信系”石化企业 2300万元起拍
无	关于上海华信国际集团有限公司2017年度第一期中期票据及2017年度第二期中期票据2019年度第二次持有人会议决议的公告
无	云南能投董事长辞职 上海华信13亿融资仍未收回
无	云南能投董事长杨万华任期未满辞职！曾代表母公司与华信集团签约
无	债市2019年中回顾：3A级债券也违约 这些承销商踩雷最多
无	违约浪潮中的困境企业重组新机遇
无	关注财政收入滑对各省份城投债影响
无	海南银行总资产373亿缩水16% ?  不良贷款率一年上升17倍
无	*ST华信：控股股东上海华信所持股份被轮候冻结
无	主承销商关于上海华信国际集团有限公司2017年度第一期中期票据及2017年度第二期中期票据违约后续进展公告(2019年6月)
无	关于对“15华信债”、“16申信01”、“17华信Y1”及“17华信Y2”终止跟踪评级的公告
无	紫金银行拆分股权拍卖遇冷
无	上海华信国际集团有限公司关于近期诉讼事项的公告
无	中国建设银行股份有限公司关于上海华信国际集团有限公司2017年度第二期超短期融资券违约后续进展公告(2019年6月)
无	主承销商关于上海华信国际集团有限公司2017年度第三期超短期融资券违约后续进展情况的公告(2019年6月)
无	主承销商关于上海华信国际集团有限公司2017年度第五期超短期融资券违约后续进展情况的公告(2019年6月)
无	海南银行12%股权流拍
无	国家开发银行关于上海华信国际集团有限公司2015年度第一期中期票据违约后续进展情况的公告(2019年6月)
无	海南银行12%股权因无人问津流拍
无	主承销商关于召开上海华信国际集团有限公司2017年度第一期中期票据及2017年度第二期中期票据2019年度第二次持有人会议的公告
无	主承销商关于上海华信国际集团有限公司2017年度第四期超短期融资券违约后续进展的公告(2019年6月)
无	银行股权拍卖热闹上演！上海华信清仓拍卖海南银行股权未果，天津农商行股权被化工企业接下
无	上海华信持有海南银行12%股权拍卖结束 因无人接盘流拍
无	上海华信国际集团:17沪华信MTN001(101788002)未按期支付利息
无	上海华信国际集团“17沪华信MTN001”未按期支付1.97亿元利息
无	海南银行12%股权拍卖进行时 第二大股东将面临易主
无	关于上海华信国际集团有限公司2017年度第一期中期票据未按期足额付息的公告
无	关注城投到期压力的增大的尾部地区非标风险 ——信用周报2019年第21期（2019.06.23）
无	47岁唐山银行行长么向华拟任海南银行副行长
高管风险	北方石油的“叶简明陷阱”
无	中粮信托兑付压力加大 曲线上市后危机仍在
无	上海华信国际集团有限公司2017年度第一期中期票据未按期支付利息的公告
无	上海华信国际集团有限公司关于近期诉讼事项的公告
无	上清所公告称，未收到“17沪华信MTN001”付息资金
无	(深互动)*ST华信：公司第一大股东上海华信所持公司股票已被司法冻结
无	"关于未收到""17沪华信MTN001""付息资金的通知(清算所发〔2019〕101号)"
无	*ST华信：控股股东所持部分股份被司法轮候冻结
无	中国建设银行股份有限公司关于上海华信国际集团有限公司2017年度第二期超短期融资券违约后续进展公告(2019年5月)
无	股东拖累、债券违约！亏损券商各有各的不幸
无	*ST华信：控股股东所持公司16.02%股份被强制划转至中原银行
无	国海证券B级危机:12亿债募资他用不知情 半年被罚2次
无	谋求借道上市净利却挫逾九成   中粮信托高管层履新先排雷
无	中国邮政储蓄银行股份有限公司和中国国际金融股份有限公司关于上海华信国际集团有限公司2017年度第一期中期票据及2017年度第二期中期票据违约后续进展公告（2019年5月）
无	富贵鸟等六家债券发行人被上交所通报批评
无	违约监管继续加码！上交所通报批评6家债券发行人，多券商收到监管函，违约债券转让服务上线
无	华信金融折翼：海南银行12%股权遭司法拍卖
无	6家公司债发行人被上交所通报批评
无	(2019-05-22)关于对上海华信国际集团有限公司予以通报批评的决定
无	(深互动)*ST华信：截至本回复日，公司受控股股东上海华信相关事件影响，能源贸易业务及保理业务大幅萎缩
无	上交所对富贵鸟等公司债券发行人予以通报批评
无	国家开发银行关于上海华信国际集团有限公司2015年度第一期中期票据违约后续进展情况的公告(2019年5月)
无	ST华信16.02%股份被司法划转给中原银行
无	上交所通报批评富贵鸟等6家公司债发行人
无	主承销商关于上海华信国际集团有限公司2017年度第五期超短期融资券违约后续进展情况公告(2019年5月)
无	主承销商关于上海华信国际集团有限公司2017年度第三期超短期融资券违约后续进展情况公告(2019年5月)
无	*ST华信：控股股东16%股份被司法划转
无	*ST华信控股股东所持公司16.02%股份被司法划转
无	主承销商关于上海华信国际集团有限公司2017年度第四期超短期融资券违约后续进展的公告(2019年5月)
无	*ST华信(002018.SZ)：上海华信所持股份新增轮候冻结约2.17亿股
无	*ST华信：控股股东所持公司股份新增轮候冻结
股东风险,高管风险	海南银行12%股权将拍卖 实际持有人为叶简明华信系
无	资本大鳄叶简明优质资产被处置 海南银行12%股权下月拍卖
无	华信期货和*ST华信股权拍卖均流标 接盘侠应当谨慎
无	*ST华信：上海华信所持股份被动减持1880.65万股
无	上海华信国际集团有限公司关于近期诉讼事项的公告
无	10个月亏逾50亿！华信期货5.04亿股股权拍卖
无	小心账户统筹管理中的坑
无	云能投集团：八亿元融资款去向未知
无	叶简明后台曝光
无	*ST华信：控股股东所持16.02%公司股份司法拍卖流拍
无	涉3亿元借贷担保纠纷  *ST华信被龙蟒佰利子公司起诉
无	*ST华信：公司控股股东上海华信持有公司的3.65亿股股份流拍
无	长江证券净利润暴跌83%背后：资管频频踩雷 海外业务亏损不断
无	河南5家企业在列！4月新增失信联合惩戒对象公示
无	中国邮政储蓄银行股份有限公司和中国国际金融股份有限公司关于上海华信国际集团有限公司2017年度第一期中期票据及2017年度第二期中期票据违约后续进展公告
无	卖不上价，也没人买？一张曾抢手的金融牌照两度流拍，4天后再拍，从赚3亿到亏50亿，背后是命运大转折
无	关于上海华信国际集团有限公司公司债券的临时受托管理事务报告
无	关于上海华信国际集团有限公司公司债券的临时受托管理事务报告
无	国开证券股份有限公司关于上海华信国际集团有限公司2015年公司债券临时受托管理事务报告-2
无	主承销商关于上海华信国际集团有限公司2017年度第四期超短期融资券违约后续进展的公告(2019年4月)
无	中国建设银行股份有限公司关于上海华信国际集团有限公司2017年度第二期超短期融资券违约后续进展公告(2019年4月)
无	主承销商关于上海华信国际集团有限公司2017年度第三期超短期融资券违约后续进展情况的公告(2019年4月)
无	主承销商关于上海华信国际集团有限公司2017年度第五期超短期融资券违约后续进展情况的公告(2019年4月)
无	国开证券股份有限公司关于上海华信国际集团有限公司2015年公司债券临时受托管理事务报告
无	国开证券股份有限公司关于上海华信国际集团有限公司2015年公司债券临时受托管理事务报告
无	主承销商关于上海华信国际集团有限公司2015年度第一期中期票据违约后续进展情况的公告(2019年4月)
无	上海华信国际集团：无法按期披露2018年年度报告
无	关于上海华信国际集团有限公司公司债券的临时受托管理事务报告
无	债券关注信息（2019年4月24日）
无	爆雷预警！连发6条暂停上市公告，50亿坏账无法收回
无	*ST华信：控股股东被动减持累计达到1%
无	上海华信国际集团有限公司关于近期诉讼事项的公告
无	又是资产减值“惹祸”！东莞证券净利下滑超七成IPO前途未卜
无	上海华信国际集团有限公司关于近期诉讼事项的公告
无	股权拍卖了也能涨停 还有多少“延华智能”在等待？
无	*ST华信控股股东所持逾16%股权将司法拍卖
无	*ST华信：控股股东所持公司16.02%股权将被司法拍卖
无	中国建设银行股份有限公司关于上海华信国际集团有限公司2017年度第二期超短期融资券违约后续进展公告(2019年3月)
无	主承销商关于上海华信国际集团有限公司2017年度第一期中期票据及2017年度第二期中期票据违约后续进展公告
无	中国邮政储蓄银行股份有限公司和中国国际金融股份有限公司关于“17沪华信MTN001”及“17沪华信MTN002”违约后续进展公告
无	*ST华信：控股股东股份新增轮候冻结
无	主承销商关于上海华信国际集团有限公司2017年度第四期超短期融资券违约后续进展的公告(2019年3月)
无	*ST华信：控股股东所持公司全部股份新增轮候冻结
无	主承销商关于上海华信国际集团有限公司2017年度第三期超短期融资券违约后续进展情况的公告(2019年3月)
无	主承销商关于上海华信国际集团有限公司2017年度第五期超短期融资券违约后续进展情况的公告(2019年3月)
无	信用债违约率攀顶回落市场 预计信用债市场违约风险将有所缓和
无	主承销商关于上海华信国际集团有限公司2015年度第一期中期票据违约后续进展情况的公告(2019年3月)
无	上海华信国际集团有限公司关于近期诉讼事项的公告
无	关于上海华信国际集团有限公司公司债券的临时受托管理事务报告
无	山东一步集团更换法定代表人：与华信存交集、陷债务困境
无	近年我国企业ABS风险案例盘点
无	哪些违约债券兑付了？
无	华信期货股权拍卖惨遭流拍从赚3亿到巨亏50亿仅用10个月
无	信用违约方兴未艾 警惕“爆雷”规避有方
无	生财有道丨信用债市场接连出现违约 债基还能不能买？
无	上海华信所持*ST华信股份遭司法处置 已累计被动减持2070万股
无	*ST华信：控股股东被动减持0.24%股份
无	华信期货再遭拍卖 部分物业易主国企
无	*ST华信：控股股东被动减持0.14%股份
无	传奇富豪兰华升高光不再 旗下2家上市公司均被国资接手
无	【见智月报】丨见智信用风险2月报
无	华信期货股权首拍流标 下次拍卖或降价20%
无	A股进入年报披露季 16家公司去年净利逾百亿
无	小牛犊突遇黑天鹅，光大证券并购失利，赔了夫人又折兵
无	中国邮政储蓄银行股份有限公司和中国国际金融股份有限公司关于“17沪华信MTN001”及“17沪华信MTN002”违约后续进展公告（2019年2月）
无	债券违约潮继续 从民企蔓延至地方城投公司
无	突发！这一次，国开行成重灾区
无	主承销商关于上海华信国际集团有限公司2017年度第四期超短期融资券违约后续进展的公告(2019年2月)
无	主承销商关于上海华信国际集团有限公司2017年度第三期超短期融资券违约后续进展情况的公告(2019年2月)
无	主承销商关于上海华信国际集团有限公司2017年度第五期超短期融资券违约后续进展情况的公告(2019年2月)
无	中国建设银行股份有限公司关于上海华信国际集团有限公司2017年度第二期超短期融资券违约后续进展公告(2019年2月)
无	*ST华信：控股股东被动减持0.67%股份
无	上海华信国际集团有限公司关于近期诉讼事项的公告
无	一年亏损35亿元！52亿元坏账要不回 独董质疑“存猫腻”
无	*ST华信：2018年亏损近35亿元
无	华信集团135亿股权被冻结
无	业绩爆亏35亿元！8万股民一叶知秋！离退市边缘一步之遥！华信，凉凉
无	华信金融帝国折翼：华信期货49%股权遭司法拍卖
无	*ST华信“雷声阵阵”：退市风险警示、业务萎缩、立案调查
无	主承销商关于上海华信国际集团有限公司2015年度第一期中期票据违约后续进展情况的公告(2019年2月)
无	关于上海华信国际集团有限公司公司债券的临时受托管理事务报告
无	中短期发行利率下降，信用利差收窄明显
无	债市打破刚兑成常态高信评含金量受质疑
无	中民投坠入债务困局 三千亿资产为三十亿债券犯难
无	前年赚3亿 华信期货去年10个月为何亏50亿？
无	重磅！2018年信托行业违约那些事！
无	华信期货49%股份将司法处置 22.7亿起拍
无	*ST华信：控股股东被动减持0.37%股份
无	《华信期货拍卖》追踪：前年盈利3亿 去年10个月缘何巨亏50亿？
无	违约那些事儿｜18年民企违约模式全梳理
无	华信资产司法处置：华信期货49%股份22.7亿起拍
无	主承销商关于上海华信国际集团有限公司2017年度第三期超短期融资券违约后续进展情况的公告(2019年1月)
无	锦龙股份2018年净利亏损2.04亿元 同比减少205%
无	中国邮政储蓄银行股份有限公司和中国国际金融股份有限公司关于上海华信国际集团有限公司2017年度第一期中期票据违约后续进展公告
无	主承销商关于上海华信国际集团有限公司2017年度第五期超短期融资券违约后续进展情况的公告(2019年1月)
无	兑付基本靠猜
无	主承销商关于上海华信国际集团有限公司2017年度第四期超短期融资券违约后续进展的公告(2019年1月)
无	邓海清谈标普进入中国：标普来了 穆迪和惠誉还远吗？
无	关于上海华信国际集团有限公司“17沪华信MTN001”及“17沪华信MTN002”2019年度第一次持有人会议决议的公告
无	锦龙股份预计去年净利润同比下滑175%至205%
无	中国建设银行股份有限公司关于上海华信国际集团有限公司2017年度第二期超短期融资券违约后续进展公告(2019年1月)
无	*ST华信：控股股东上海华信所持0.08%股份被动减持
无	又多一家券商计提资产减值！光大证券最新计提5亿，全行业计提已超31亿
无	主承销商关于上海华信国际集团有限公司2015年度第一期中期票据违约后续进展情况的公告(2019年1月)
无	上海华信国际集团有限公司关于近期诉讼事项的公告
无	关于上海华信国际集团有限公司公司债券的临时受托管理事务报告
无	哪些非标在违约？有何影响？
无	上海华信失信成老赖 涉及金额6888万元
无	中国邮政储蓄银行股份有限公司和中国国际金融股份有限公司关于上海华信国际集团有限公司2017年度第一期中期票据违约后续进展公告
无	关于召开上海华信国际集团有限公司2017年度第一期中期票据2019年度第一次持有人会议的公告
无	【中证评级】违约统计—2018年12月民企违约继续增加
无	一文梳理2018年ABS评级下调项目
无	上海华信失信成老赖 已有150亿债券违约
无	上海华信信用“危楼” 不仅150亿债券违约 又被列为失信名单
无	重磅！在这张“黑榜”上，ST长生一路领先，乐视网紧随其后……
无	*ST长生领衔 乐视网再度上榜 “2018年十大黑榜上市公司”评选结果揭晓
无	*ST华信：控股股东上海华信所持股份新增司法轮候冻结
无	重磅 丨 2018年度债券违约最全盘点
无	关于上海华信国际集团有限公司公司债券的临时受托管理事务报告
无	中诚信国际关于关注上海华信国际集团有限公司“15华信债”和“17华信Y2”公司债违约等事宜的公告
无	2018年中国信用市场违约超1100亿
无	2018年的债券圈：老王老张讨债记
无	主承销商关于上海华信国际集团有限公司2017年度第四期超短期融资券违约后续进展的公告(2018年12月)
无	中国建设银行股份有限公司关于上海华信国际集团有限公司2017年度第二期超短期融资券违约后续进展公告(2018年12月)
无	主承销商关于上海华信国际集团有限公司2017年度第三期超短期融资券违约后续进展情况的公告(2018年12月)
无	主承销商关于上海华信国际集团有限公司2017年度第五期超短期融资券违约后续进展情况的公告(2018年12月)
无	【盘点】2018年千亿债券违约：华信国际、永泰能源多次上榜
无	2018年违约债券盘点，违约数量超去年3倍
无	上海华信国际集团“17华信Y2”公司债无法按期付息
无	上海华信国际集团有限公司关于“17华信Y2”公司债违约公告
无	解码违约民企，回归内生发展 ——2018民企违约启示
无	关于上海华信国际集团有限公司公司债券的临时受托管理事务报告
无	上海华信国际集团有限公司关于近期诉讼事项的公告
无	上海华信国际集团有限公司关于“15华信债”公司债的违约公告
无	上海华信国际集团有限公司2017年公开发行可续期公司债券(第二期)2018年付息公告
无	上海华信：公司未能支付“15华信债”全部本息
无	国开证券股份有限公司关于上海华信公开发行公司债券临时受托管理事务报告
无	主承销商关于上海华信国际集团有限公司2015年度第一期中期票据违约后续进展情况的公告(2018年12月)
无	有多少违约可以重来，难忘2018（上）
无	2018年股市十大黑天鹅盘点
无	中诚信国际关于关注上海华信国际集团有限公司“17华信Y1”公司债违约等事宜的公告
无	今年债券市场也是“天雷滚滚”，企业现在发债 “难上加难”
无	上海华信国际集团有限公司关于近期诉讼事项的公告
无	关于上海华信国际集团有限公司公司债券的临时受托管理事务报告
无	上海华信国际集团有限公司关于“17华信Y1”公司债违约公告
无	*ST华信：控股股东所持股份被轮候冻结
无	7800万！上海华信又一笔公司债违约
无	“德正系”陈基鸿被判23年 复盘160亿元贸易融资黑洞
无	刚给你上调了评级，您咋就违约暴雷了？？！
无	债券净融资额上升，负面事件持续出现 ( 国海固收研究 ）
无	*ST华信：控股股东所持股份被新增轮候冻结13亿 累计冻结占总股本7.2%
无	闷杀投资者？！“踩雷”资管产品还在继续销售，长江资管、浦发银行被质疑！
无	上海华信：“17华信Y1”付息存在不确定性
无	国开证券股份有限公司关于上海华信公开发行公司债券临时受托管理事务报告
无	【中证评级】违约统计—2018年11月违约数据再创新高
无	资管产品踩雷后仍正常销售 长江资管联手浦发银行“闷杀”投资者？
无	上海华信国际集团有限公司2017年公开发行可续期公司债券(第一期)2018年付息公告
无	前任卷入“老虎”案他到任后有两个大动作
无	政策发力下的民企债现状：资质分化加剧！
无	"中粮信托新增诉讼频涉""老赖"" 行业披露仍有待规范"
无	主承销商关于上海华信国际集团有限公司2017年度第四期超短期融资券违约后续进展的公告(2018年11月)
无	中粮新增诉讼频涉“老赖”曲线上市增添诸多变数
无	中国邮政储蓄银行股份有限公司和中国国际金融股份有限公司关于上海华信国际集团有限公司2017年度第二期中期票据违约后续进展公告
无	主承销商关于上海华信国际集团有限公司2017年度第五期超短期融资券违约后续进展情况的公告(2018年11月)
无	中国建设银行股份有限公司关于上海华信国际集团有限公司2017年度第二期超短期融资券违约后续进展公告(2018年11月)
无	主承销商关于上海华信国际集团有限公司2017年度第三期超短期融资券违约后续进展情况的公告(2018年11月)
无	国开证券股份有限公司关于上海华信国际集团有限公司2015年公司债券临时受托管理事务报告
无	"华信事件""冲击波"":华信期货29亿资金短期无法收回"
无	公司业务大幅萎缩*ST华信受损 投资者索赔已启动
无	上海华信国际集团有限公司关于近期诉讼事项的公告
无	国开证券股份有限公司关于上海华信国际集团有限公司2015年公司债券2018年第二次债券持有人会议决议公告
无	关于上海华信国际集团有限公司公司债券的临时受托管理事务报告-17华信Y2
无	中粮信托“曲线上市”遇麻烦，这些老赖需要重点关注
无	关于上海华信国际集团有限公司公司债券的临时受托管理事务报告
无	控股股东股份新增轮候冻结*ST华信受损投资者索赔已启动
无	*ST华信：控股股东股份新增轮候冻结
无	主承销商关于上海华信国际集团有限公司2015年度第一期中期票据违约后续进展情况的公告
无	中原特钢重组牵出中粮信托23.42亿元未决诉讼
无	中原特钢连发9条公告，22个问题指向中粮信托，中粮踩在风口浪尖
无	首家信托公司公布资管新规整改方案，5大焦点问题逐一击破
无	关于上海华信国际集团有限公司近期诉讼事项的公告
无	*ST华信：控股股东股份新增轮候冻结13.8亿股
无	中信建投证券股份有限公司关于上海华信国际集团有限公司2017年公开发行可续期公司债券（第二期）2018年第三次债券持有人会议决议公告
无	关于上海华信国际集团有限公司公司债券的临时受托管理事务报告
无	关于上海华信国际集团有限公司“17沪华信MTN001”2018年度第五次持有人会议及“17沪华信MTN002”2018年度第四次持有人会议决议的公告
无	关于召开上海华信国际集团有限公司2015年公司债券2018年第二次债券持有人会议的补充通知
无	2018年债券违约最全跟踪（18年11月11日更新）
无	10公司年报预亏超10亿 中兴通讯成“预亏王”
无	中诚信国际关于关注上海华信国际集团有限公司2015年度第一期中期票据未按期足额偿付本息等事宜的公告
无	国开证券股份有限公司关于上海华信公开发行公司债券临时受托管理事务报告
无	联合资信评估有限公司关于上海华信国际集团有限公司2015年度第一期中期票据未按期足额偿付本息的关注公告
无	华信证券退出鹏丰投资 遭奇点金服申请冻结1.6亿元
无	上海华信国际集团有限公司2015年度第一期中期票据未按期足额偿付本息的公告
无	上海华信：“15沪华信MTN001”违约
无	国家开发银行关于上海华信国际集团有限公司2015年度第一期中期票据未按期足额偿付本息的公告
无	"上海华信国际集团""15沪华信MTN001""构成实质性违约"
无	"关于未收到""15沪华信MTN001""付息兑付资金的通知(清算所发〔2018〕186号"
无	主承销商关于上海华信国际集团有限公司2017年度第三期超短期融资券违约后续进展情况公告(2018年10月)
无	主承销商关于上海华信国际集团有限公司2017年度第五期超短期融资券违约后续进展情况公告(2018年10月)
无	15华信债（136093）13时42分发生一笔价格异动
无	国开证券股份有限公司关于上海华信公开发行公司债券临时受托管理事务报告
无	上海华信国际集团有限公司2015年度第一期中期票据第三次持有人会议决议公告
无	主承销商关于上海华信国际集团有限公司2017年度第四期超短期融资券违约后续进展的公告(2018年10月)
无	中国邮政储蓄银行股份有限公司和中国国际金融股份有限公司关于上海华信国际集团有限公司司2017年度第二期中期票据违约后续进展公告
无	中国建设银行股份有限公司关于上海华信国际集团有限公司2017年度第二期超短期融资券违约后续进展公告(2018年10月)
无	关于召开上海华信国际集团有限公司2015年公司债券2018年第二次债券持有人会议的通知
无	曾经风光上市，如今连壳难保，谁又将步中弘股份后尘？
无	央行等部门释放化解民企融资困境举措 盛运环保仍然手握“烫手山芋”
无	上海华信：“15沪华信MTN001”兑付本息存在不确定性
无	中信建投证券股份有限公司关于召开“17华信Y2”2018年第三次债券持有人会议的通知
无	问题缠身 ST锐电等三股存“破面”风险
无	谁是下一个中弘股份？这些仙股很危险
无	基本面“劣迹斑斑” 5只“仙股”濒临退市边缘
无	上海华信国际集团有限公司2015年公司债券临时受托管理事务报告-诉讼及母公司董事局主席涉及刑事案件
无	关于召开上海华信国际集团有限公司2017年度第一期中期票据2018年度第五次持有人会议的公告
无	关于召开上海华信国际集团有限公司2017年度第二期中期票据2018年度第四次持有人会议的公告
无	2018年前三季度债券市场违约概况
无	上海华信国际集团有限公司关于近期诉讼事项的公告
无	上市券商净利扎堆大跌 国盛金控亏2.5亿
无	谁是下一个中弘股份？ST锐电刚“上岸”又跌破1元，这些股票也在退市河边转
无	王三运家族腐败网：其子侄生意多涉及兰州新区基建、房产项目
无	*ST华信：控股股东正在筹划重大事项 拟与公司进行资产置换
无	独家：收受华信金条与华信实施虚假贸易融资 日照港集团高管被捕获刑 山东一步集团卷入
无	*ST华信危机重重从23元跌到1元 会成为第二个中弘吗?
无	股价从23元跌到1元，这家公司会成为第二个中弘吗？
无	这三家能源公司有救了？
无	证监局三出ABS罚单！ABS监管持续升级！
无	资产千亿的川煤集团还不起3.5亿债务，风雨飘摇的中国煤企
无	上海华信国际集团有限公司2015年度第一期中期票据第三次持有人会议的公告
无	华信系又出大消息！10日内华信系要向中行归还1.8亿，38套房产218个车位或遭变卖
无	独家：中国银行起诉华信系胜诉、获判立即偿还1.8亿贷款 此前华信遭金融机构密集起诉后陷管辖权博弈
高管风险	揭向王三运行贿的叶简明：今年第二次卷入被调查消息
高管风险	央视：华信董事局主席叶简明被指行贿王三运  和原国家开发银行胡怀邦有关联
高管风险	中国华信能源叶简明行贿省委书记成实锤！
无	还原神秘能源大佬叶简明与王三运之间的交易
无	又有省部级官员公开审理！24年受贿6685万，证据曝光！
无	叶简明被指行贿甘肃原省委书记王三运
无	王三运受审画面公布 这位董事长行贿证据被曝光
无	半月前刚刚卸任 国开行原董事长胡怀邦被指涉甘肃原省委书记王三运受贿案
经营风险	*ST华信：控股股东新增轮候冻结
经营风险	*ST华信：控股股东股份新增轮候冻结
无	中国邮政储蓄银行股份有限公司和中国国际金融股份有限公司关于上海华信国际集团有限公司2017年度第一期中期票据违约后续进展公告
无	主承销商关于上海华信国际集团有限公司2017年度第五期超短期融资券违约后续进展情况公告（2018年9月）
无	主承销商关于上海华信国际集团有限公司2017年度第三期超短期融资券违约后续进展情况公告（2018年9月）
无	主承销商关于上海华信国际集团有限公司2017年度第四期超短期融资券违约后续进展的公告(2018年9月)
无	联合资信：又一个大公国际？
无	中国建设银行股份有限公司关于上海华信国际集团有限公司2017年度第二期超短期融资券违约后续进展公告(2018年9月)
无	浙江女首富陷债务风波：新光集团30亿债券违约 附最新债券违约报表
无	凤凰金融凤溢盈再次出现逾期，系今年第三次逾期
无	中诚信国际关于关注上海华信国际集团有限公司2017年度第二期中期票据未按期支付利息的公告
无	债市雷连着响，违约刷新纪录
无	首富变“首负”，可能只要一个兑付日
无	上海华信国际集团有限公司2017年度第三期超短期融资券第四次持有人会议决议公告
无	上海华信国际集团有限公司2017年度第五期超短期融资券第四次持有人会议决议公告
无	联合资信评估有限公司关于上海华信国际集团有限公司2017年度第二期中期票据未按期支付利息的关注公告
无	上海华信陷入“债股双困” 连续6笔违约累计近90亿元
无	上海华信：“17沪华信MTN002”未按期支付利息
无	上海华信国际集团有限公司2017年度第二期中期票据未按期支付利息的公告
无	三季度债券违约数超上半年 避险意识增强有利市场出清
无	买债券要瞪大眼睛！违约数上升，还有的一天暴跌逾80%
市场风险	15华信债（136093）13时50分发生一笔价格异动
无	关于上海华信国际集团有限公司公司债券的临时受托管理事务报告
无	关于上海华信国际集团有限公司2017年度第一期中期票据2018年度第四次持有人会议决议的公告
无	关于上海华信国际集团有限公司公司债券的临时受托管理事务报告
无	国开证券股份有限公司关于上海华信国际集团有限公司2015年公司债券临时受托管理事务报告0917
无	上海华信国际集团有限公司关于近期诉讼事项的公告
无	中原银行5.74亿H股转让  中国华信加速资产剥离
无	上海华信国际集团有限公司关于“16申信01”公司债违约公告
信用风险,经营风险	上海华信60亿公司债违约 称叶简明等事件导致公司经营受重大影响
无	上海华信国际集团：“16申信01”公司债违约
无	今年已有59只债券出现违约 周期性行业成重灾区
无	年内52只债券违约 投资者应优选中高等级债
无	上海华信25亿中期票据付息存在不确定性
无	上海华信国际集团有限公司2017年度第二期中期票据付息存在不确定性
无	关于上海华信国际集团有限公司公司债券的临时受托管理事务报告
无	关于上海华信国际集团有限公司公司债券的临时受托管理事务报告-16申信01
无	东莞证券净利下跌八成 锦龙股份中报业绩“变脸”
无	关于召开上海华信国际集团有限公司2017年度第三期超短期融资券第四次持有人会议的公告
无	关于召开上海华信国际集团有限公司2017年度第五期超短期融资券第四次持有人会议的公告
无	关于上海华信国际集团有限公司公司债券的临时受托管理事务报告
无	【中证评级】全市场公募信用债违约统计月报—2018年8月
无	主承销商关于上海华信国际集团有限公司2017年度第四期超短期融资券违约后续进展的公告(2018年8月)
无	中国邮政储蓄银行股份有限公司和中国国际金融股份有限公司关于上海华信国际集团有限公司2017年度第一期中期票据违约后续进展公告
无	上海华信国际集团有限公司2017年度第二期超短期融资券违约后续进展公告(2018年8月)
无	主承销商关于上海华信国际集团有限公司2017年度第三期超短期融资券违约后续进展情况的公告
无	关于召开上海华信国际集团有限公司“17沪华信MTN001”2018年度第四次持有人会议的公告
无	上海华信国际集团有限公司2017年度第四期超短期融资券第三次持有人会议决议的公告
无	中信集团有意收购中国华信捷克资产
无	中信建投证券股份有限公司关于上海华信国际集团有限公司2017年公开发行可续期公司债券（第一期）2018年第三次债券持有人会议决议公告
无	中信建投证券股份有限公司关于上海华信国际集团有限公司2017年公开发行可续期公司债券（第二期）2018年第二次债券持有人会议决议公告
无	南京证券这半年，业绩双降，踩雷华信，但这项业务却让人眼前一亮
无	东莞证券踩雷，拖累锦龙股份上半年业绩，亏损最高为5321万元
无	*ST华信：控股股东股份被悉数冻结
无	国开证券股份有限公司关于上海华信国际集团有限公司2015年公司债券临时受托管理事务报告0827
无	年报涉嫌虚假记载被证监会立案调查 *ST华信怎么凉的
无	中诚信国际关于关注上海华信国际集团有限公司2017年度第五期超短期融资券未按期足额偿付债务融资工具本息的公告
无	关于上海华信国际集团有限公司2018年1-7月关联方资金占用累计新增超上年末净资产20%的公告
无	联合资信评估有限公司关于上海华信国际集团有限公司2017年度第五期超短期融资券未按期足额偿付债务融资工具本息的关注公告
无	上海华信国际集团有限公司关于近期诉讼事项的公告
无	国有资产经营公司是什么？
无	国开证券股份有限公司关于上海华信公开发行公司债券临时受托管理事务报告
无	上海华信国际集团有限公司2017年度第五期超短期融资券未按期足额偿付债务融资工具本息的公告
无	上海华信21亿元超短融未按期足额偿付本息 可能6个月后兑付
无	主承销商关于上海华信国际集团有限公司2017年度第五期超短期融资券未按期足额偿付债务融资工具本息的公告
无	拷问评级业
无	关于上海华信国际集团有限公司公司债券的临时受托管理事务报告
无	关于上海华信国际集团有限公司2018年1-7月关联方资金占用累计新增超上年末净资产的百分之二十的公告
无	上海华信国际集团有限公司关于控股上市子公司计提2018年度半年报减值准备的公告
无	上海华信国际集团有限公司关于控股上市子公司股份新增轮候冻结的公告
无	关于上海华信国际集团有限公司2018年1-7月关联方资金占用累计新增超上年末净资产的百分之二十的公告
无	上海华信国际集团有限公司关于近期诉讼事项的公告0816
无	上海华信国际集团有限公司关于控股上市子公司全资子公司诉讼事项的进展公告
无	上海华信国际集团所发行的四个债券违约
无	国开证券股份有限公司关于上海华信公开发行公司债券临时受托管理事务报告0810
无	上海华信超短期融资券兑付存较大不确定性
无	2018年7月债市共发生7起债券违约事件
无	关于召开上海华信国际集团有限公司2017年度第四期超短期融资券第三次持有人会议的公告
无	中信建投证券股份有限公司关于召开“17华信Y2”2018年第二次债券持有人会议的通知
无	中信建投证券股份有限公司关于召开“17华信Y1”2018年第三次债券持有人会议的通知
无	关于上海华信国际集团有限公司“17沪华信MTN001”及“17沪华信MTN002”2018年度第三次持有人会议决议的公告
无	关于上海华信国际集团有限公司“17沪华信MTN002”2018年度第三次持有人会议决议的公告
无	拿下史上最低评级 华信证券或更换大股东
无	关于上海华信国际集团有限公司公司债券的临时受托管理事务报告
无	华信证券成史上唯一D类券商 会计师事务所拒绝就年报发表意见
无	中诚信国际关于关注上海华信国际集团有限公司2017年度第四期超短期融资券未按期足额偿付本息的公告
无	浙商金惠瑞盈1号集合资产管理计划诉讼风险
无	国开证券股份有限公司关于上海华信公开发行公司债券临时受托管理事务报告0801
无	"联合评级调低“德邦-华信应收账款第一期资产支持专项计划优先级资产支持证券”的债项评级
无	主承销商关于上海华信国际集团有限公司2017年度第四期超短期融资券未按期足额偿付本息的公告
无	【中证评级】全市场公募信用债违约统计月报—2018年7月
无	前7月债券违约金额超300亿 涉16家公司中民企占比68%
无	关于上海华信国际集团有限公司公司债券的临时受托管理事务报告
无	7月份违约债券再添丁 6只新增债券涉余额68.26亿
无	今年31起债券违约涉金额超300亿 低等级债券收益率高企 遭投资者“冷眼”
无	连信托也拒绝的天马轴承 30亿私募中瑞基金踩雷
无	联合资信评估有限公司关于上海华信国际集团有限公司2017年度第四期超短期融资券未按期足额偿付本息的关注公告
法律风险	华融信托诉上海华信进入执行阶段 涉案金额2.95亿
无	联合资信评估有限公司关于推迟出具上海华信国际集团有限公司2018年跟踪评级报告的公告
无	上海华信国际集团有限公司2017年度第四期超短期融资券未按期足额偿付本息的公告
无	上海华信国际集团2017年度第四期超短期融资券未按期足额偿付本息
无	关于上海华信国际集团有限公司2017年度第一期中期票据违约后续进展公告
无	国开证券股份有限公司关于上海华信公开发行公司债券临时受托管理事务报告0727
无	中国建设银行股份有限公司关于上海华信国际集团有限公司2017年度第二期超短期融资券违约后续进展公告(2018年7月)
无	拿下券商史上最低评级，还不算！华信证券大股东可能还要换一换！
无	4200万债券利息仍未付中融双创信用被降至“CCC”
无	关于上海华信国际集团有限公司公司债券的临时受托管理事务报告
无	上海华信国际集团有限公司2017年度第三期超短期融资券第三次持有人会议决议公告
无	上海华信国际集团有限公司2017年度第五期超短期融资券第三次持有人会议决议公告
无	中诚信国际关于延迟披露上海华信国际集团有限公司2018年度跟踪评级报告的公告
无	两债券拉响违约预警 7月份违约债券或达6只
无	16申信01（136698）11时20分发生一笔价格异动
无	上海华信国际集团有限公司关于近期诉讼事项的公告
无	主承销商关于上海华信国际集团有限公司2017年度第三期超短期融资券违约后续处置进展情况的公告(2018年7月)
无	上海华信国际集团有限公司关于控股上市子公司全资子公司诉讼事项进展的公告
无	上海华信国际集团有限公司关于控股上市子公司股份新增轮候冻结的公告
无	多家公司披露控股股东持股被冻结
无	债权策略私募频频踩雷，最差产品半年巨亏78.51%
无	中信建投证券股份有限公司关于上海华信国际集团有限公司2017年公开发行可续期公司债券（第一期）2018年第二次债券持有人会议决议公告
无	中信建投证券股份有限公司关于上海华信国际集团有限公司2016年公开发行公司债券（第一期）2018年第二次债券持有人会议决议公告
无	关于召开上海华信国际集团有限公司“17沪华信MTN001”及“17沪华信MTN002”2018年度第三次持有人会议的公告
无	国开证券股份有限公司关于上海华信公开发行公司债券临时受托管理事务报告0718
无	关于上海华信国际集团有限公司公司债券的临时受托管理事务报告
无	「独家」长江资管祥瑞2号“踩雷”华信债 浦发银行托管、代销
无	为什么行业改善，债券还违约了？
无	旗下3只债券闪崩，让中融新大成债市最焦点，6月来28家公司下调信用评级
无	6474元就能把AAA债打趴？这家公司3只债券接连闪崩，年内26起违约19只AA以上，高评级债究竟怎么了
无	AAA级公司债也闪崩，年内26起债券违约，涉及金额高达266亿
无	华信国际的这个夏天：高管们加速离场，游戏已进入GameOver阶段
无	关于召开上海华信国际集团有限公司2017年度第五期超短期融资券第三次持有人会议的公告
无	关于召开上海华信国际集团有限公司2017年度第三期超短期融资券第三次持有人会议的公告
无	华融金控：已强制华信香港及华信上海履行9.765亿港元违约付款责任
无	关于上海华信国际集团有限公司公司债券的临时受托管理事务报告
无	【中证评级】全市场公募信用债违约统计月报—2018年6月
无	上海华信国际集团有限公司关于控股上市子公司股份新增轮候冻结的公告
无	(2018-07-04)上海华信国际集团有限公司关于收到上海证券交易所对本公司出具的监管警示函
无	上海华信国际集团有限公司“17沪华信MTN001”及“17沪华信MTN002”2018年度第二次持有人会议决议的公告
无	中信建投证券股份有限公司关于召开“16申信01”2018年第二次债券持有人会议的通知
无	中信建投证券股份有限公司关于召开“17华信Y1”2018年第二次债券持有人会议的通知
无	交易商协会：6月债务融资工具无新增违约主体，仅有上海华信两期债项延续违约
无	7月到期回售债券风险排查，这26家主体要特别小心！
无	半年债市违约复盘：民企占64% AAA债首次违约
无	上海华信国际集团有限公司2017年度第四期超短期融资券第二次持有人会议决议的公告
无	上海华信国际集团有限公司2015年度第一期中期票据第二次持有人会议决议公告
无	国开证券股份有限公司关于上海华信公开发行公司债券临时受托管理事务报告
市场风险	15华信债（136093）10时11分发生一笔价格异动
无	上海华信国际集团有限公司2017年度第三期超短期融资券第二次持有人会议决议公告
无	中诚信国际关于关注上海华信国际集团有限公司2017年度第三期超短期融资券未按期足额偿付债务融资工具本息的公告
无	关于上海华信国际集团有限公司公司债券的临时受托管理事务报告
无	上海华信国际集团有限公司2017年度第五期超短期融资券第二次持有人会议决议公告
无	联合资信评估有限公司关于上海华信国际集团有限公司2017年度第三期超短期融资券未按期足额偿付债务融资工具本息的关注公告
无	上海华信国际集团有限公司关于控股上市子公司新增股权轮候冻结的公告
无	中国建设银行股份有限公司关于上海华信国际集团有限公司2017年度第二期超短期融资券违约后续进展公告
无	上海华信国际集团有限公司2017年度第三期超短期融资券未按期足额偿付债务融资工具本息的公告
无	渤海银行股份有限公司关于上海华信国际集团有限公司2017年度第三期超短期融资券未按期足额偿付债务融资工具本息的公告
无	上海华信国际集团有限公司2017年度第一期中期票据未按期足额付息的公告
无	上海华信国际集团有限公司2017年度第一期中期票据跟踪评级2018-06-22
无	干货！中国债券违约大全「收藏版」
无	"中诚信国际调低“上海华信国际集团有限公司2017年度第一期中期票据”的债项评级
无	"中诚信国际调低“上海华信国际集团有限公司”的长期债务评级
无	*ST华信：控股股东9630万股股份新增轮候冻结
信用风险	中诚信下调上海华信国际集团主体信用等级至C
无	中诚信下调上海华信国际集团主体信用评级至C，此前为CC
信用风险	上海华信25亿中票付息违约 公司称计划六个月后支付
信用风险	17沪华信MTN001构成实质性违约
无	关于上海华信国际集团有限公司公司债券的临时受托管理事务报告
无	上海华信国际集团有限公司2017年度第一期中期票据未按期支付利息的公告
无	上海华信违约再升级 25亿中期票据付息延后6个月
无	上海华信国际集团25亿元中期票据6月21日付息存在不确定性
无	上海华信20.88亿元“17沪华信SCP003”到期兑付存不确定性
无	上海华信国际“17沪华信SCP003’”到期兑付存在不确定性
无	17沪华信MTN001（101788002）16时18分发生一笔价格异动
无	国开证券股份有限公司关于上海华信公开发行公司债券临时受托管理事务报告0612
无	上海华信国际集团有限公司“17沪华信MTN001”及“17沪华信MTN002”2018年度第二次持有人会议公告
无	上海华信国际集团有限公司关于控股上市子公司新增股权轮候冻结的公告
市场风险	(深互动)*ST华信：上海华信所持公司股份处于质押状态的占其所持公司总股数62.74%
无	上海华信国际集团有限公司2017年度第二期超短期融资券第二次持有人会议决议公告
无	华信新建总部项目已被上海国盛接手 并更名
无	*ST华信：控股股东股份新增轮候冻结
无	关于召开上海华信国际集团有限公司2015年度第一期中期票据第二次持有人会议的公告
无	关于召开上海华信国际集团有限公司2017年度第四期超短期融资券第二次持有人会议的公告
无	国开证券股份有限公司关于上海华信公开发行公司债券临时受托管理事务报告0606
信用风险	*ST华信：控股股东股份新增轮候冻结
无	关于召开上海华信国际集团有限公司2017年度第二期超短期融资券第二次持有人会议公告的补充说明
无	关于召开上海华信国际集团有限公司2017年度第三期超短期融资券第二次持有人会议公告
无	关于召开上海华信国际集团有限公司2017年度第五期超短期融资券第二次持有人会议的公告
无	上海华信国际集团有限公司关于控股上市子公司债务逾期的公告
无	关于上海华信国际集团有限公司公司债券的临时受托管理事务报告
无	【中证评级】全市场公募信用债违约统计月报—2018年5月
信用风险,子公司风险	上海华信国际集团有限公司关于控股上市子公司债务逾期的公告
无	警惕企业债券违约 民营上市公司成新增违约主体
信用风险，子公司风险	华信国际：目前公司及下属控股子公司累计逾期债务合计金额3.7亿元
无	上市公司违约逾110亿 银行清查进行时
信用风险	新世纪评级将山东金茂纺织及14鲁金茂MTN001列入负面观察名单
信用风险	新世纪评级关于将山东金茂纺织化工集团有限公司及其发行的14鲁金茂MTN001列入负面观察名单的公告
无	关于山东金茂纺织化工集团有限公司相关债券中证估值的说明（2018年6月4日）
信用风险,流动性风险	山东百亿民企被列入负面观察 因金茂集团流动性恶化?
信用风险	大公关注山东金茂纺织重要子公司股权质押及冻结的公告
信用风险	大公关于关注山东金茂纺织化工集团有限公司重要子公司股权质押及冻结的公告
无	关于山东金茂纺织化工集团有限公司相关债券中证估值的说明（2018年6月21日）
无	中山证券有限责任公司关于山东金茂纺织化工集团有限公司公开发行2016年公司债券（第一期）临时受托管理事务报告
信用风险	中债将山东金茂纺织化工集团有限公司存续债券的估值进行了调整
无	中山证券有限责任公司关于山东金茂纺织化工集团有限公司公开发行2016年公司债券（第一期）临时受托管理事务报告
无	山东金茂纺织化工集团有限公司2014年度第一期中期票据跟踪评级报告
无	【中证评级】评级跟踪-20180622
信用风险	中山证券有限责任公司关于山东金茂纺织化工集团有限公司公开发行2016年公司债券（第一期）风险提示公告
信用风险	山东金茂纺织化工集团有限公司主要资产被冻结的补充公告
无	山东金茂纺织化工集团有限公司主体与相关债项2018年度跟踪评级报告
无	财通证券股份有限公司关于山东金茂纺织化工集团有限公司公开发行2015年公司债券临时受托管理事务报告
信用风险	大公国际将“山东金茂纺织化工集团有限公司”的长期债务评级的评级展望列为负面
无	又一家500强企业拉响警报！评级从AA骤降到A+，年内62亿债务到期！
无	罕见！评级从AA骤降到A+ 波及37家银行 又一家中国500强轰然倒下？
法律风险	山东金茂纺织化工集团有限公司关于涉及重大仲裁的公告
无	中山证券有限责任公司关于召开山东金茂纺织化工集团有限公司公开发行2016年公司债券（第一期）2018年第一次债券持有人会议的通知
无	关于山东金茂纺织化工集团有限公司相关债券中证估值的说明（2018年7月9日）
市场风险	中债提示山东金茂纺织化工集团有限公司今日相关债券估值波动较大
市场风险	关于16金茂01(136231)盘中临时停牌的公告
无	关于山东金茂纺织化工集团有限公司相关债券中证估值的说明（2018年7月11日）
市场风险	“16金茂01”债因交易异常波动暂停交易
市场风险	16金茂01（136231）盘中临时停牌
信用风险	16金茂01买盘惊现15.8元低价 债市近期频现高违约预期报价
无	关于16金茂01(136231)盘中临时停牌的公告
无	旗下3只债券闪崩，让中融新大成债市最焦点，6月来28家公司下调信用评级
信用风险	金茂债闪崩幕后:危险的信托
无	山东金茂纺织化工集团有限公司公开发行2016年公司债券（第一期）2018年第一次债券持有人会议决议公告
无	山东金茂纺织化工集团有限公司公开发行2016年公司债券（第一期）2018年第一次债券持有人会议决议
无	山东金茂纺织化工集团有限公司关于召开山东金茂纺织化工集团有限公司公开发行2016年公司债券（第一期）2018年第二次债券持有人会议的通知
无	关于召开山东金茂纺织化工集团有限公司2014年度第一期中期票据持有人会议的公告
无	债基变私募，中泰证券陷“兑付门”谁之过？
无	关于山东金茂纺织化工集团有限公司公开发行2016年公司债券（第一期）2018年第二次债券持有人会议决议公告
无	关于山东金茂纺织化工集团有限公司公开发行2016年公司债券（第一期）2018年第二次债券持有人会议决议
无	关于召开山东金茂纺织化工集团有限公司2015年公司债券2018年第一次债权持有人会议的通知
无	山东金茂纺织化工集团有限公司2014年度第一期中期票据持有人会议决议公告
无	山东金茂纺织化工集团有限公司关于2014年度第一期中期票据持有人会议决议的答复
无	“泰融1期”持仓公司债连环爆雷  净值不足0.24 中泰证券知情不报
无	新世纪评级关于关注山东金茂纺织化工集团有限公司关于2014年度第一期中期票据持有人会议决议答复的公告
无	关于召开山东金茂纺织化工集团有限公司2015年公司债券2018年第二次债券持有人会议的通知
无	山东金茂纺织化工集团有限公司2015年公司债券2018年第一次债券持有人会议决议公告
无	评级骤降资金遭冻结 大海将流向何方？
信用风险	新世纪评级关于关注山东金茂纺织化工集团有限公司关于公开发行公司债券暂停固定收益平台交易的公告
信用风险	山东金茂纺织化工集团有限公司关于公开发行公司债券暂停固定收益平台交易的公告
无	财通证券股份有限公司关于取消召开山东金茂纺织化工集团有限公司“15金茂债”2018年第二次持有人会议的通知
无	债市雷连着响，违约刷新纪录
信用风险	金茂化工：只偿还指定投资者
无	黑色星期二，债市五连杀
无	73家产业债主体评级下调 中游行业数量明显减少
无	债市日内五只现券违约创记录 风险暴雷还要延续几何
无	【中证评级】评级跟踪-20180928
无	可怕的山东东营民营企业连环债务劫
无	财通证券股份有限公司关于山东金茂纺织化工集团有限公司公开发行2015年公司债券临时受托管理事务报告
无	中山证券有限责任公司关于山东金茂纺织化工集团有限公司公开发行2016年公司债券（第一期）临时受托管理事务报告
无	关于山东金茂纺织化工集团有限公司相关债券中证估值的说明（2018年11月29日）
无	今日大凶！违约的债券有点多！
信用风险	山东金茂纺织化工集团“16金茂01”未按期兑付
信用风险	"大公国际调低“山东金茂纺织化工集团有限公司2015年公司债券”的债项评级
信用风险	"大公国际调低“山东金茂纺织化工集团有限公司2015年公司债券”的债项评级
信用风险	"大公国际调低“山东金茂纺织化工集团有限公司公开发行2016年公司债券(第一期)”的债项评级
信用风险	大公国际将“山东金茂纺织化工集团有限公司”的长期债务评级的评级展望列为负面
信用风险	"大公国际调低“山东金茂纺织化工集团有限公司”的长期债务评级
信用风险	"大公国际调低“山东金茂纺织化工集团有限公司”的长期债务评级
信用风险	"大公国际调低“山东金茂纺织化工集团有限公司公开发行2016年公司债券(第一期)”的债项评级
信用风险	中债识风 | 回天乏术，金茂纺织宽限期后仍未足额兑付
信用风险	山东金茂纺织化工“15金茂债”未能于11月26日按期兑付
信用风险	中债将山东金茂纺织化工集团有限公司相关债券的中债市场隐含评级-债券债项评级由CC调整至C
信用风险	"大公国际调低“山东金茂纺织化工集团有限公司”的长期债务评级
无	担保绊倒“民企500强” 山东大海集团破产重组
无	中山证券有限责任公司关于山东金茂纺织化工集团有限公司公开发行2016年公司债券（第一期）临时受托管理事务报告
无	财通证券股份有限公司关于山东金茂纺织化工集团有限公司公开发行2015年公司债券临时受托管理事务报告
信用风险	大公下调山东金茂纺织化工集团有限公司主体信用等级至C的公告
无	"大公国际调低“山东金茂纺织化工集团有限公司2015年公司债券”的债项评级
无	"大公国际调低“山东金茂纺织化工集团有限公司公开发行2016年公司债券(第一期)”的债项评级
无	新世纪评级关于下调山东金茂纺织化工集团有限公司信用等级的公告
无	山东一家中国500强民企申请破产，营收近800亿
无	（2018）鲁05破申46号受理债务人直接提出的重整申请-民事裁定书
无	山东民企第8强陨落：东营大海集团进入破产重整程序
无	【中证再评级】下调金茂、大海、东辰、中融新大等中证主体级别-20181130
无	金茂纺织违约启示录：警惕民企互保引发的风险传递
无	本周债券市场评级遭调整的主体及原因分析（第十二期）
信用风险	山东金茂纺织化工集团有限公司关于公司及子公司重整及“15金茂债”“16金茂01”未能按期兑付的公告
信用风险	警惕民企互保引发的风险传递丨金茂纺织违约点评
信用风险	国君固收点评金茂纺织违约：警惕民企互保引发的风险传递
信用风险	新世纪：山东金茂主体评级遭降至CCC 其10亿中票明年初兑付存不确定性
经营风险	关于山东金茂纺织化工集团有限公司破产重整的公告
无	互保互联融资是铁索连舟or火烧连营？山东民企过度负债样本
无	中山证券有限责任公司关于山东金茂纺织化工集团有限公司公开发行2016年公司债券（第一期）临时受托管理事务报告
无	金茂纺织主体评级由“CCC”调整为“C”14鲁金茂MTN001债项评级由“CCC”调整为“C”
经营风险	山东金茂纺织化工集团有限公司关于子公司重整的公告
无	【中证再评级】下调洛娃科技、银亿股份、海航科技、华凌工贸等中证主体级别-20181207
无	19家银行遭遇连环破产重整“惨案”
无	本周债市评级被调整的主体及原因简析（第十三期）
无	金茂集团信用等级生变
无	一周之内，山东两家纺织相关民营500强申请破产
无	政策发力下的民企债现状：资质分化加剧！
经营风险,信用风险	山东金茂进入破产重整程序主承销商称触发“14鲁金茂MTN001”违约条款
无	违约回顾丨 山东金茂中证评级跟踪历史
无	财通证券股份有限公司关于山东金茂纺织化工集团有限公司公开发行2015年公司债券临时受托管理事务报告
无	【中证评级】违约统计—2018年11月违约数据再创新高
无	关于召开山东金茂纺织化工集团有限公司2015年公司债券2018年第二次债券持有人会议的通知
无	上海浦东发展银行股份有限公司关于山东金茂纺织化工集团有限公司2014年度第一期中期票据违约的公告
无	新世纪评级关于下调山东金茂纺织化工集团有限公司信用等级的公告
无	中山证券有限责任公司关于召开山东金茂纺织化工集团有限公司公开发行2016年公司债券（第一期）2018年第三次债券持有人会议的通知
无	债市违约专题 丨 山东金茂纺织化工集团有限公司
无	11月新增22只违约债券
无	关于召开山东金茂纺织化工集团有限公司2014年度第一期中期票据持有人会议的公告
无	临近年底新增近20家企业债券未按期偿还 债务违约“小高潮”
无	山东金茂纺织化工集团有限公司关于子公司重整的公告
无	一周之内，山东2家民营500强企业申请破产
无	债券净融资额上升，负面事件持续出现 ( 国海固收研究 ）
无	两大国内500强民营化工巨头破产重整！
无	关于山东金茂纺织化工集团有限公司2014年度第一期中期票据债权申报的公告
无	关于山东金茂纺织化工集团有限公司公开发行2016年公司债券（第一期）2018年第三次债券持有人会议决议公告
无	山东金茂纺织化工集团有限公司2015年公司债券2018年第二次债券持有人会议决议公告
无	中山证券有限责任公司关于召开山东金茂纺织化工集团有限公司公开发行2016年公司债券（第一期）2018年第三次债券持有人会议的补充通知一
无	【研究报告】债券市场违约与信用风险事件月报（2018年11月）
无	持有债券违约及部分标的变现困难 恒泰证券集合资管计划部分份额无法正常退出
无	债券违约率边际出现下降
无	上海浦东发展银行股份有限公司关于山东金茂纺织化工集团有限公司“14鲁金茂MTN001”有关事项进展情况的公告(2018年11月1日-2018年12月4日)
无	2018年，山东倒下了4家“500强企业”！
无	有多少违约可以重来，难忘2018（下）
无	16昆仑01：先还一半，中不中？中！
无	东营地炼企业互保圈详解
无	山东金茂纺织化工集团有限公司关于2014年度第一期中期票据持有人会议决议的答复
无	山东地炼企业互保圈风险排查
无	山东民营炼化危机：两企业破产重整！恒力、盛虹、浙石化群雄逐鹿，新一轮洗牌到来！
无	变更公告
无	2018年，山东倒下了4家 “500强企业”！
无	山东金茂纺织化工集团有限公司2014年度第一期中期票据持有人会议决议公告
无	山东金茂纺织化工集团有限公司关于破产重整进展的公告
无	民企“担保圈”风险难题待解
无	上海浦东发展银行股份有限公司关于山东金茂纺织化工集团有限公司14鲁金茂MTN001有关事项进展情况的公告(2018年12月5日-2018年12月31日)
无	民营炼化倒闭关停，在环保安全、资金等困境中如何断臂求生
无	中山证券有限责任公司关于山东金茂纺织化工集团有限公司公开发行2016年公司债券（第一期）临时受托管理事务报告
无	财通证券股份有限公司关于山东金茂纺织化工集团有限公司公开发行2015年公司债券临时受托管理事务报告
无	胜通要破产，当地政府要求银行暂不追索担保单位代偿责任
经营风险,信用风险	山东金茂：已进入破产重整 下周四无法按约偿付“14鲁金茂MTN001”
无	这些石油企业将迎生死挑战！接踵破产、利润骤减，2019路在何方？
无	新世纪评级关于关注山东金茂纺织化工集团有限公司2014年度第一期中期票据到期本息兑付存在不确定性的特别风险提示公告的公告
无	金茂纺织化工：“14鲁金茂MTN001”本息兑付存不确定性
无	中短期发行利率下降，信用利差收窄明显
无	开年债市违约高发 业界建议尤要做好发债资金用途监控
无	巨头的陨落！曾是民企百强，如今债务缠身，10亿票据未按期兑付
无	山东金茂纺织化工集团有限公司关于“14鲁金茂MTN001”违约后续进展情况的公告
无	上海浦东发展银行股份有限公司关于山东金茂纺织化工集团有限公司14鲁金茂MTN001有关事项进展情况的公告(2019年1月1日-2019年1月31日)
无	中山证券有限责任公司关于山东金茂纺织化工集团有限公司公开发行2016年公司债券（第一期）临时受托管理事务报告
无	曾为“明珠”，如今过度负债遭破产重整！182亿山东纺化巨头为何陨落？
无	担保圈崩塌，破产危机来袭？山东3家“500强”化工企业前景堪忧
无	山东金茂纺织化工集团有限公司2014年度第一期中期票据未按期足额兑付本息的公告
无	"关于未收到""14鲁金茂MTN001""付息兑付资金的通知(清算所发〔2019〕33号)"
无	新世纪评级关于关注山东金茂纺织化工集团有限公司2014年度第一期中期票据未按期足额兑付本息的公告的公告
无	上清所：未收到“14鲁金茂MTN001”付息兑付资金
无	又一山东百强民企债券违约：10亿票据未按期兑付
无	上海浦东发展银行股份有限公司关于山东金茂纺织化工集团有限公司2014年度第一期中期票据未按期足额兑付本息的公告
无	182亿山东纺化巨头破产：负债50亿，互保16亿，列制造业500强
无	山东百亿民企倒下，新增10亿违约，背后原因让人唏嘘
无	山东金茂纺织化工集团有限公司关于公司债券停牌进展的公告
无	企业倒闭破产潮起，山东经济遭遇重创，能否破茧化蝶！
无	信用违约方兴未艾 警惕“爆雷”规避有方
无	山东两大民营500强集团竟同时申请破产，过万员工将面临裁员失业
无	前景堪忧！山东4家“500强”化企遭遇危机！担保圈崩塌，破产风波再度来袭？
无	又一家中国500强破产，负债高达156亿，32年老牌企业依旧没挺过去
无	上海浦东发展银行股份有限公司关于山东金茂纺织化工集团有限公司14鲁金茂MTN001有关事项进展情况的公告(2019年2月1日-2019年2月28日)
无	山东金茂纺织化工集团有限公司关于“14鲁金茂MTN001”有关事项进展情况的公告(2019年2月1日-2019年2月28日)
无	32年老牌企业最终还是破产了，什么原因让这家500强企业倒下的？
无	又一家500强民企挂了！多米诺骨牌效应仍在持续发酵！
无	16金茂01（136231）14时57分发生一笔价格异动
无	16金茂01（136231）14时52分发生一笔价格异动
无	15金茂债（122482）10时05分发生一笔价格异动
无	15金茂债（122482）14时03分发生一笔价格异动
无	14鲁金茂MTN001（101464003）14时02分发生一笔价格异动
无	15金茂债（122482）11时14分发生一笔价格异动
无	15金茂债（122482）13时31分发生一笔价格异动
无	15金茂债（122482）14时07分发生一笔价格异动
无	为什么胜通集团、东辰控股没有得到有效救助？
无	破产重整，东辰集团信用状况解析
无	山东大型民企接连破产 担保圈风险升级|债市爆雷之十五
无	违约那些事儿｜18年民企违约模式全梳理
无	违约回顾丨 东辰控股中证评级跟踪历史
无	东营政府强力保万达，买单80%担保额
无	山东金茂纺织化工集团有限公司关于“14鲁金茂MTN001”违约后续进展情况的公告(2019年3月1日-2019年3月31日)
无	上海浦东发展银行股份有限公司关于山东金茂纺织化工集团有限公司14鲁金茂MTN001有关事项进展情况的公告(2019年3月1日-2019年3月31日)
无	中山证券有限责任公司关于山东金茂纺织化工集团有限公司公开发行2016年公司债券（第一期）临时受托管理事务报告
无	山东金茂纺织化工集团有限公司关于预计无法按时披露2018年年度报告和2019年第一季度财务信息的公告
无	山东东营求解互保地雷阵
无	"新世纪评级调低“山东金茂纺织化工集团有限公司2014年度第一期中期票据”的债项评级
无	"新世纪评级调低“山东金茂纺织化工集团有限公司2014年度第一期中期票据”的债项评级
无	新世纪评级将“山东金茂纺织化工集团有限公司2014年度第一期中期票据”列入评级观察(可能调低)
无	"新世纪评级调低“山东金茂纺织化工集团有限公司2014年度第一期中期票据”的债项评级
无	"新世纪评级调低“山东金茂纺织化工集团有限公司”的长期债务评级
无	新世纪评级将“山东金茂纺织化工集团有限公司”的长期债务评级列入评级观察(可能调低)
无	新世纪评级将“山东金茂纺织化工集团有限公司”的长期债务评级列入评级观察(可能调低)
无	"新世纪评级调低“山东金茂纺织化工集团有限公司”的长期债务评级
无	新世纪评级将“山东金茂纺织化工集团有限公司”的长期债务评级列入评级观察(可能调低)
无	"新世纪评级调低“山东金茂纺织化工集团有限公司”的长期债务评级
无	上海浦东发展银行股份有限公司关于山东金茂纺织化工集团有限公司14鲁金茂MTN001有关事项进展情况的公告(2019年4月1日-2019年4月30日)
无	山东金茂纺织化工集团有限公司关于14鲁金茂MTN001有关事项进展情况的公告(2019年4月1日-2019年4月30日)
无	首例！超级大户1人投资5.5亿，爆雷后要开发布会与券商“约架”
无	山东名企齐成石化多笔借款逾期 对外担保24.29亿存代偿风险
无	山东齐成石油化工24亿担保有代偿风险 债券全部停牌
无	山东又一家石化企业岌岌可危，24亿担保有代偿风险，债券全部停牌
无	【中证再评级】调整腾邦集团、泰禾集团等6家发行人再评级结果-20190531
无	资金告急！企业拒收部分银行承兑汇票！涂料企业陷入“追讨大战”！
无	违约回顾| 齐成石化中证评级跟踪历史
无	上海浦东发展银行股份有限公司关于山东金茂纺织化工集团有限公司14鲁金茂MTN001有关事项进展情况的公告(2019年5月1日-2019年5月31日)
无	负债223亿!胜通集团破产引争议 四大行、中泰证券等领衔债权人
无	山东金茂纺织化工集团有限公司关于14鲁金茂MTN001有关事项进展情况的公告(2019年5月1日-2019年5月31日)
无	山东一轮胎企业成为拟破产对象
无	山东东营民企互保危机
无	上海浦东发展银行股份有限公司关于山东金茂纺织化工集团有限公司14鲁金茂MTN001有关事项进展情况的公告(2019年6月1日-2019年6月30日)
无	山东金茂纺织化工集团有限公司关于“14鲁金茂MTN001”违约后续进展情况的公告(2019年6月1日-2019年6月30日)
无	山东金茂纺织化工集团有限公司关于重整进展的公告
无	中山证券有限责任公司关于山东金茂纺织化工集团有限公司公开发行2016年公司债券（第一期）临时受托管理事务报告
无	DM城投地图系列——山东篇
无	财通证券股份有限公司关于山东金茂纺织化工集团有限公司公开发行2015年公司债券临时受托管理事务报告
无	浦发银行：将密切跟进山东金茂破产重整后续进展
无	五百强民企落幕剧
无	【九州固收】信用关注周报（2019.08.19-2019.08.23）
无	2019全国民营企业500强名单发布 华为四连冠 61家鲁企上榜
无	山东金茂纺织化工集团关于“14鲁金茂MTN001”违约后续进展情况的公告(2019年7月1日－2019年7月31日)
无	关于山东金茂纺织化工集团有限公司2019年第二季度财务信息无法按时披露的公告
无	主承销商关于山东金茂纺织化工集团有限公司14鲁金茂MTN001有关事项进展情况的公告(2019年7月1日-2019年7月31日)
无	2019年民企500强之山东榜单：谁的失落？谁在晋级？
无	（2018）鲁05破29号
无	山东金茂纺织化工集团有限公司关于14鲁金茂MTN001有关事项进展情况的公告(2019年8月1日-2019年8月31日)
无	主承销商关于山东金茂纺织化工集团有限公司14鲁金茂MTN001有关事项进展情况的公告(2019年8月1日-2019年8月31日)
无	（2018）鲁05破申45号
无	主承销商关于山东金茂纺织化工集团有限公司14鲁金茂MTN001有关事项进展情况的公告(2019年9月1日-2019年9月30日)
无	山东金茂纺织化工集团有限公司关于“14鲁金茂MTN001”违约后续进展情况的公司(2019年9月1日-2019年9月30日)
无	【专题研究】丨 起底违约“朋友圈”
无	【每周信用观察】穆迪下调新城展望至负面，金鸿控股将短时期还清债务
无	西王违约殃及邹平多只债券，遥想山东民企互保当年......
无	关于山东金茂纺织化工集团有限公司2019年第三季度财务信息无法按时披露的公告
无	（2018）鲁05破53号后29家与前28家合并重整-裁定书
无	（2018）鲁05破31号后29家与前28家合并重整-裁定书
无	（2018）鲁05破47号28家合并重整-裁定书
无	（2018）鲁05破50号57家合并-裁定书
无	（2019）鲁05破18号空白模板-裁定书
无	（2018）鲁05破43号28家合并-裁定书
无	（2018）鲁05破45号28家合并-裁定书
无	（2018）鲁05破30号57家合并-裁定书
无	（2018）鲁05破39号28家合并-裁定书
无	关于对山东金茂纺织化工集团有限公司及徐朋明采取出具警示函措施的决定
无	（2018）鲁05破46号28家合并-裁定书
无	（2018）鲁05破28号空白模板-裁定书
无	（2018）鲁05破29号后29家与前28家合并重整-裁定书
无	（2018）鲁05破33号28家合并重整-裁定书
无	中山证券有限责任公司关于山东金茂纺织化工集团有限公司公开发行2016年公司债券（第一期）临时受托管理事务报告
无	山东金茂纺织及董事长吃警示函 年报未完整披露关联方关系
无	“中国上市第一村”陷互保困局，老大债券刚“暴雷”，老二评级又遭预警
无	（2019）鲁05破22号57家合并-裁定书
无	（2019）鲁05破16号57家合并-裁定书
无	（2019）鲁05破17号57家合并-裁定书
无	（2019）鲁05破19号57家合并-裁定书
无	（2018）鲁05破44号28家合并-裁定书
无	（2018）鲁05破52号57家合并-裁定书
无	（2018）鲁05破48号57家合并-裁定书
无	（2018）鲁05破52号28家合并-裁定书
无	（2018）鲁05破42号28家合并-裁定书
无	（2018）鲁05破45号57家合并-裁定书
无	（2018）鲁05破49号28家合并-裁定书
无	（2019）鲁05破21号后29家与前28家合并重整-裁定书
无	（2018）鲁05破29号二十八家合并重整-裁定书
无	（2018）鲁05破48号28家合并-裁定书
无	（2018）鲁05破51号28家合并-裁定书
无	（2019）鲁05破11号57家合并-裁定书
无	（2018）鲁05破49号57家合并-裁定书
无	（2019）鲁05破14号57家合并-裁定书
无	（2018）鲁05破44号57家合并-裁定书
无	（2018）鲁05破43号57家合并-裁定书
无	“中国上市第一村”陷互保困局，老大债券刚违约，老二又遭预警
无	（2018）鲁05破38号57家合并-裁定书
无	（2019）鲁05破1号57家合并-裁定书
无	（2018）鲁05破50号28家合并-裁定书
无	（2019）鲁05破20号57家合并-裁定书
无	（2019）鲁05破12号57家合并-裁定书
无	（2019）鲁05破15号57家合并-裁定书
无	（2018）鲁05破36号28家合并-裁定书
无	（2019）鲁05破10号57家合并-裁定书
无	（2019）鲁05破3号57家合并-裁定书
无	山东金茂纺织化工集团有限公司关于破产重整进展的公告
无	山东金茂纺织化工集团有限公司关于破产重整进展的公告
无	（2018）鲁05破37号57家合并-裁定书
无	（2018）鲁05破41号28家合并-裁定书
无	（2019）鲁05破7号57家合并-裁定书
无	（2019）鲁05破4号57家合并-裁定书
无	（2018）鲁05破40号57家合并-裁定书
无	(2019-11-06)关于对山东金茂纺织化工集团有限公司及徐朋明采取出具警示函措施的决定(证监局[2019]58号)
无	（2019）鲁05破13号57家合并-裁定书
无	（2018）鲁05破41号57家合并-裁定书
无	（2018）鲁05破42号57家合并-裁定书
无	（2018）鲁05破51号57家合并-裁定书
无	（2018）鲁05破34号57家合并-裁定书
无	（2018）鲁05破40号28家合并-裁定书
无	（2018）鲁05破36号57家合并-裁定书
无	（2018）鲁05破39号57家合并-裁定书
无	（2019）鲁05破6号57家合并-裁定书
无	（2018）鲁05破37号28家合并-裁定书
无	（2018）鲁05破38号28家合并-裁定书
无	山东金茂纺织化工集团有限公司关于14鲁金茂MTN001有关事项进展情况的公告(2019年10月1日-2019年10月31日)
无	主承销商关于山东金茂纺织化工集团有限公司14鲁金茂MTN001有关事项进展情况的公告(2019年10月1日-2019年10月31日)
无	落榜的山东富豪，抛弃他们的不是资本，而是这个时代
无	暴雷！山东化工巨头美元债暴跌20%！
无	山东金茂纺织化工集团有限公司关于破产重整进展的公告
无	专题研究 | 关于破产重整，你应该知道的
无	这两年，山东民企经历了怎样的打击？
无	“东营首富”30年创业毁于一旦，山东“500强企业”公布重整进展
无	公司债券违约-强制展期、场外支付简析
无	200亿负债压顶！“山东大型民企”评级被下调，“东营首富”风光不再
无	山东化企深陷资金困局
无	山东金茂纺织化工集团有限公司关于破产重整进展的公告
无	山东金茂纺织化工集团有限公司关于“14鲁金茂MTN001”违约后续进展情况的公告(2019年11月1日-2019年11月30日)
无	（2018）鲁05破28号批准重整计划-民事裁定书
无	红土日报—2019年12月17日
无	主承销商关于山东金茂纺织化工集团有限公司14鲁金茂MTN001有关事项进展情况的公告(2019年11月1日-2019年11月30日)
无	一天5暴雷！“天津国企”美元债重组违约，2019年债券违约大爆发
无	（2019）鲁05破14号批准重整计划-民事裁定书
无	（2018）鲁05破33号批准重整计划-民事裁定书
无	（2019）鲁05破12号批准重整计划-民事裁定书
无	（2019）鲁05破11号批准重整计划-民事裁定书
无	（2019）鲁05破20号批准重整计划-民事裁定书
无	（2018）鲁05破44号批准重整计划-民事裁定书
无	（2018）鲁05破37号批准重整计划-民事裁定书
无	（2018）鲁05破49号批准重整计划-民事裁定书
无	（2018）鲁05破34号批准重整计划-民事裁定书
无	（2019）鲁05破16号批准重整计划-民事裁定书
无	（2019）鲁05破9号批准重整计划-民事裁定书
无	（2019）鲁05破23号批准重整计划-民事裁定书
无	（2019）鲁05破7号批准重整计划-民事裁定书
无	（2019）鲁05破8号批准重整计划-民事裁定书
无	（2018）鲁05破43号批准重整计划-民事裁定书
无	（2019）鲁05破26号批准重整计划-民事裁定书
无	（2019）鲁05破19号批准重整计划-民事裁定书
无	（2018）鲁05破39号批准重整计划-民事裁定书
无	（2018）鲁05破32号批准重整计划-民事裁定书
无	（2018）鲁05破51号批准重整计划-民事裁定书
无	（2018）鲁05破48号批准重整计划-民事裁定书
无	（2018）鲁05破31号批准重整计划-民事裁定书
无	（2018）鲁05破52号批准重整计划-民事裁定书
无	（2018）鲁05破30号批准重整计划-民事裁定书
无	（2019）鲁05破1号批准重整计划-民事裁定书
无	（2019）鲁05破10号批准重整计划-民事裁定书
无	（2019）鲁05破17号批准重整计划-民事裁定书
无	（2018）鲁05破45号批准重整计划-民事裁定书
无	（2018）鲁05破40号批准重整计划-民事裁定书
无	（2018）鲁05破36号批准重整计划-民事裁定书
无	（2018）鲁05破55号批准重整计划-民事裁定书
无	（2018）鲁05破46号批准重整计划-民事裁定书
无	（2018）鲁05破53号批准重整计划-民事裁定书
无	（2019）鲁05破2号批准重整计划-民事裁定书
无	（2018）鲁05破38号批准重整计划-民事裁定书
无	（2019）鲁05破6号批准重整计划-民事裁定书
无	（2019）鲁05破5号批准重整计划-民事裁定书
无	（2018）鲁05破50号批准重整计划-民事裁定书
无	（2019）鲁05破24号批准重整计划-民事裁定书
无	（2019）鲁05破13号批准重整计划-民事裁定书
无	（2019）鲁05破15号批准重整计划-民事裁定书
无	（2019）鲁05破4号批准重整计划-民事裁定书
无	（2018）鲁05破54号批准重整计划-民事裁定书
无	（2018）鲁05破47号批准重整计划-民事裁定书
无	山东民企疯狂爆雷，数十家500强企业纷纷倒闭，竟都是互保惹的祸
无	公司监管处罚，项目折戟沉沙，四名保代业务被叫停
无	劲爆！山东省十家大型化企破产！重组案细节曝光！
无	中国农业银行股份有限公司东营分行与山东省金融资产管理股份有限公司债权转让通知暨债务催收联合公告
